-0.43555589017388074,-0.6162814603026475,0.42896565051320534,-0.6202251211447595,1.2293694050005086,-0.9708282184483248,-1.1308841462845496,0.2536263513886473,-1.6414517098918846,1.698980796407688
0.17383176107908263,0.05711086907718493,-0.06377220251172439,-0.7991538498124635,0.2867586687126665,1.2856576425426922,-0.47083783394192585,-2.19983988636652,-1.967740332910268,0.5092071799693184
1.1336911626586694,-0.39416230073611314,0.14475286238839336,-0.9446737832632478,-0.31655274434089864,0.27905316968339416,0.017389593890526862,-0.38646728771256617,1.5551953723731642,-0.4384919725356462
1.0072509164783292,0.7098222341187544,1.8604057244744825,0.9848031202448122,-0.49667132438981226,-1.3339027357127717,1.3908102196185017,1.3876479571844629,1.4989571444844543,-1.123531641426937
-1.5461673835205816,-0.2146863513147847,-0.04909641877608222,-1.4229311526756352,-0.9090924827323323,-0.7654342122153622,-2.309064130451232,0.39627215063937704,0.17673492604263896,1.2513876662129233
0.3752509183629453,-0.4749929247168505,-0.9447386024432062,-1.2769217534965314,-0.21242177786600008,0.709936587767757,1.1671510969346772,-0.01848370592938057,-0.37801075344282564,-0.32371591750956374
0.00402791130410848,1.775594875494739,-2.243425418997716,-0.5644002701166694,-1.8925264495483194,-0.3986140112634072,0.0022582916702347457,-2.197516570983434,-0.5033797076516051,0.722863177250185
0.7841402366044434,1.4259763102223815,0.39015347331770894,2.1329162243337003,-0.5108410113756755,-0.21625691297103283,1.180836622714907,-0.8202033021413947,-1.3540668036785082,-0.18216912558471077
0.2105155088265309,-0.5926445519785931,-1.2088813381028745,0.6297840895016465,-1.176856335222904,0.15925370659268837,-0.06185965851498271,-0.6774599677340649,0.03159455580443817,0.6761337463353553
-0.5197870542958299,0.5568452027865068,-2.2622851142503078,0.01727403321626506,-0.8375473877912244,-0.017575328394702317,-0.3418378696235422,-0.19414477455994678,0.11434686344634078,0.5544646187972921
0.03829092392165716,1.1253067227956353,-0.1313269636278887,0.7919829410338146,-1.3195624724786168,0.11007657176819101,0.24459840987986406,-0.17189803605458231,-1.0942750649430546,-0.6330390994516016
-0.8303379826004957,0.047919953773519645,-1.9831610401199233,0.6868308777479813,-0.9283062487367176,0.7994085086381603,-0.11660971994613856,1.3248920042782535,-3.2702737040186656,-1.4062135473379749
-0.6444530217975146,0.4873519667863981,0.6567218140133457,-1.2079453855474513,-0.684793520573213,-0.3902331895224052,1.7402981199333234,1.14046800706748,-0.7036802996430599,-0.9504972725438486
0.27498121019706395,0.42547432868947277,0.04679339015340112,0.7239879166096931,-1.098163871774052,0.43281741258529444,0.7558975707587261,0.6901397918807356,1.5739031379946857,0.7270613965054823
0.5016761001035204,1.8095322198494395,-0.10598514226268434,0.7093804647283755,-0.31146666812358137,-0.8820981829676117,0.5215561756901788,-0.30756871456231594,0.5832374036084617,0.2882823485288786
0.37745547819398295,-0.30969289389854426,-1.4853304970905299,0.34473341854219614,1.3725197349754164,-1.2017133674321618,-0.4069049522476968,1.238457420866541,-0.4550404240838227,0.13250732671487267
0.6066186652746413,0.3399544474384586,0.17826402394774113,0.16075019880343047,-0.04748956619274976,-1.1053628231210149,-0.8100663363789637,-0.7139574052143366,-0.6165386833704143,-0.4298256030278276
-0.44113323627003004,0.2357832247250688,0.8772565591802005,0.7021805649009374,1.1605388909214345,0.48225397508401907,1.841621393298972,2.348087356018144,-1.0737117546443729,0.9646478738454369
-0.9730283554132875,0.7559650100456651,-1.6265218527691416,0.031178303470426893,-1.2820805681316314,-1.560872062373116,1.204664697557555,0.1465276705918571,-1.0428154338875757,-0.11446837640926945
-0.9761164409365578,-0.34179580432784645,-0.05332241813566007,1.1307420523353537,-0.7947114981423086,-0.2654523440125849,-0.6785685390302739,-0.292328976716353,-0.8221244633733332,0.9922731141657671
0.3444065799565325,-1.150078219535765,0.5208089815584287,-0.36143866445976996,-0.019603873317236294,-1.886590357754608,0.981900529023668,0.26237965427428195,0.3233903282689169,0.49089680894995863
0.8639588418907505,-0.35172292209879497,0.1319671662887945,1.3454272004533396,-1.2003668212580307,0.6655960915144798,1.1673514389721906,-0.8461243637112393,-0.46159493834068255,0.8073432767082499
0.4304230729029798,-1.4140171982042546,-0.7997336742766339,0.24773100567109987,1.6023227372239,0.11145896816532044,0.2514663924750317,0.8887775722534853,0.919920301862053,0.7969299180680365
0.5578160933911219,0.7620693739042388,-0.2791234403814493,1.4371013420080572,1.3502629764727812,0.29166368557369876,-1.2883888642315895,0.029695197068923304,-0.7001803233926752,0.2660211612671367
-1.0615776662010186,0.18168905139083646,-0.7607216888278383,1.7911669096782463,-1.0745868103928229,1.3240616698349073,0.7184765670346259,1.4382114067545915,-0.010783941401967525,-0.212467091701773
0.8953746983463697,0.5007272280958639,1.0181797435164202,-1.3150615243203088,-0.06928344545360914,-0.6431833040634944,0.05740359198638691,-0.13506066550194704,1.2949235318157886,0.8694192275699012
0.41658107420771806,0.9860129713492098,2.1104932268252794,-0.09840510408634426,-0.5258887261079854,3.2177004020146955,0.6639804561092392,1.7772620261877696,1.342655295884712,1.0866387954896675
-0.08837485797275836,-0.6757668129818792,-1.5826616729077476,0.6379080679317578,-0.7574294223030034,-0.1736872426398803,0.32656913287367156,-1.389053325740646,0.3314839705449703,1.2887593190259243
0.8254380865597868,0.44564618304194364,-0.3718920831870416,0.14473263626537952,-0.9893661301122901,0.5668454830253281,-0.47135929281123856,0.5893711248478557,-0.17250177254631457,2.39903869078275
-1.1262783339809572,0.9681727986816493,0.46132722778229596,-0.09452552995065847,-1.234304177706044,-0.38962920079837665,0.4167953987667385,-0.053608836784085255,-0.8321557278421633,-0.40205765980883096
-0.48577490359874387,0.1090246175553372,0.8401358397539582,0.28184088351718023,-0.7551737218767639,-0.280222551583327,-1.1442390204084343,-0.0878275033772266,-0.07758318151037087,-0.5044800394960052
0.7735139947486521,2.01773654538638,0.5551092755192865,1.087249780149238,0.42048012901193527,1.2203353267627448,1.2799556083785386,-2.1257630074300624,-0.7345103896497491,0.11833975772983965
1.119118965468081,-1.1117796432636626,-1.2343922334474144,0.9572062023588166,-0.8193935087401946,0.5300934239891801,-1.8326169487564454,-1.9590017564028868,0.5122540512814352,-0.6744101030176702
0.19080283057577083,-0.9765219842744625,-0.04452760591257714,-1.3099794943749532,1.588480701595079,-1.6127480505714722,-0.11637635599586749,0.731801563428312,0.24010633226986444,-0.9832671542818969
-0.033169199263275634,0.4364847801037877,-0.36059291317383374,-1.4739425800739752,-1.1653143469356089,-0.16048053629606157,0.053256283035594265,-0.5410963463400492,0.4576520067246088,-1.105041967563864
0.009321577089807968,0.39050966776755225,1.7109014736888215,-0.48201386299197746,0.2699048667700594,0.7372998292918976,-2.770515099765178,1.2547165936440763,-0.5380444949058949,-0.8821153660805122
0.883236310565657,1.2416007863650012,-0.25012266452149173,-0.9250840716759069,0.41966619093825247,-1.4290743466400635,0.9667540070631466,-0.1999882187395641,-0.4044787289921137,-0.45353106818574845
1.285837665044838,0.32706800730304153,-0.6780096477128622,-0.9493188310680105,-0.0379069630199058,0.3784413576169132,-0.24762486838148176,-1.5418547502067868,-1.3726419738272626,0.13022260540012648
-1.2990329207092426,-1.152779163415042,-0.24068185025896133,-0.1421739175705759,-0.33802176264969813,-0.7264478542921546,0.5805847312609069,-0.7120980813239347,-1.4459442430984801,0.35875171597641775
-0.5031459180932714,-0.2817993581748927,2.379691911627281,0.2926717383786743,0.20953907169344552,0.5397993227326148,-0.5669132391423669,-0.6896810492119275,0.6509621373135246,-0.031087585973505267
2.4605560652086313,0.18290708464175756,-0.15134879586659858,-0.908673661065776,-1.9689311590170528,-0.3566329888997732,0.8535887315858367,0.42854112339867695,-2.0235050163230466,1.1050263939112042
1.17370950283398,0.15591760264870552,-0.3190123301578199,-1.1850185793576953,0.05951959837057886,1.8367847206745667,-0.22641635685251704,-0.062086722894033115,-0.6476584824240761,0.3997325316612153
0.09989866125536362,0.2929520523551362,0.6911049311724339,0.16366531980505603,0.1643257321558072,0.356540585633404,-0.7733283812047382,0.8797859844388796,1.900929521171069,-0.1147431626082287
-0.4932607936096913,0.06733674450977328,1.178094949370426,-0.6533773429220503,-0.5920365421701227,0.5522402337111207,-0.604969963073237,0.6943633195449682,-1.1275801711751905,-1.0103695911278294
1.7298276912756294,0.02878560113510065,1.5046148282237424,-2.1961838070232007,-0.6861167789960573,-0.5657644215027766,1.4151608577759442,-1.229442137186549,0.030398647307170297,-0.6655342085147161
-0.9037209127521765,-0.8454177344354683,-0.5028433778574074,-1.0591137813306397,-0.1956673258334086,-0.02638624004996906,-0.15322519525888367,-0.46585761462103403,0.5317570326235683,0.3492657634703927
1.5510546217843573,-1.126136840152627,0.9389691211682473,1.0385920657667655,1.0088020484684204,0.3535357694795557,-0.7520084545874972,-1.5896976277706272,0.3047839703114249,0.3909119699135441
-0.2733810432694988,-1.313459450655159,-0.22162589401905206,1.0102212684661542,0.6826080390382171,1.5502239389250512,1.6804700137151773,-0.13084051151127954,-0.15124249967297465,-1.1216211476113684
-2.391848914943324,2.137354382089876,0.9067560849811367,0.8640526001076251,-0.5345054481681359,0.6689353115084056,3.4700339579018387,-1.22253320803735,-0.029221596316444318,-0.8166638271624099
-0.4672448881142349,0.019463127411390013,-0.682097325006923,0.540099204942973,-1.5641669799706872,-1.2638289394017646,-0.0662803941209942,0.22408353219969726,0.8419769312890321,0.5430848039920787
1.4195968824081324,-1.0257550256068297,-0.8982562814366621,0.3674709831052426,0.961321867197517,0.8714494859452374,-0.6448089472845944,0.18447588837743478,0.9048582900285905,-0.7125870459269573
-0.6857560830624663,0.3835482030918118,-1.2455149773472898,-0.967571297834655,0.5960642072358069,-0.1683605716639538,-0.8734854748726568,0.28390042654236985,-1.4025407549755295,1.6103970787583815
-1.201236190672775,0.03763790860651166,-0.6929184694071198,-0.9771780425402793,0.6640656225086333,0.795430931650369,0.46669925606877893,0.16472798234626862,-0.05954900919844845,1.74563399341823
-0.162612856151093,0.7079201476391103,-0.1787108044645923,-1.6520143867253747,0.1287777087879295,-0.33782576357992233,-0.8719240632530213,0.8332699947034201,0.697413320633468,0.9995432401836789
-0.15106563669811948,-0.6145690174120759,-0.26361208199152086,-0.21158269810388275,1.4841659732821348,-0.8251214259219285,-0.48217361619043647,-0.49922649014120934,-0.6806944856802342,0.8930094012075628
0.8047267391263297,-1.7871734993859338,1.2184072049471495,0.27760790923800216,-0.20081837221390197,-2.2494182296663827,1.4617810912306846,0.48933170707074697,0.5841895841201997,-0.7340305149947052
1.187444392048757,-0.11481130310860511,-0.7973173402615668,0.704694057758777,-1.6982024171879029,0.18683576357133894,0.2832226362916022,-1.152395536616827,-0.6250922280112521,1.1668293754758547
0.36600107373939045,-0.39158339003683107,0.6432927238639606,-0.688631772630977,2.400769881433783,-1.6856662683783135,2.4962089211237117,-0.07871839565745647,-0.6505786784214553,-0.1247782828407863
-0.8646068953729537,-0.241769409718627,0.5925929091259018,0.7275230808263122,0.09385388221456673,-1.2533595690104038,-2.190395167781814,0.6428376488807582,-0.9014847055437762,-1.378938343406426
-0.479084617681616,0.9883509047943885,-0.4824562563033091,-0.7156387030905353,2.589639885172034,0.4271491627380734,-0.43227342259877366,0.8268385341849497,2.1937523556263234,1.8591681161116114
1.4822607412336564,1.5254477161236377,-1.0002613838894123,-0.24840093925146398,-0.22275896963389447,2.566260627778758,1.0594187189108348,1.1829057700437267,-0.000872935091905614,1.1171442249421908
0.3116460687701987,-1.1040952439645395,0.19535351167741008,1.7882097977999274,-2.3657846200736117,-1.1079199100605104,-2.477795823536504,0.6728796380024216,-0.2928277060200967,-0.22911937033473492
0.25792740413943516,-0.9313861514820704,0.8877305259922756,-1.0288486591541155,-3.0691434301797615,-0.072842183611505,0.7036097847386394,1.6492946036853815,-0.11041122681309369,0.15347702041121827
0.5237505938568513,-0.27885947532971095,-0.2421847630128345,0.012137909406780981,-0.5632028636902568,2.011134640121848,-0.2507855273701971,1.1708402350344411,0.7768449557474228,0.6386893406928575
-0.0033044852426714986,1.6927945385227967,0.14848831451506375,-0.33950352339261036,0.9116731503669564,-1.2458345299110625,-0.008465154514733425,0.9808893121821686,0.07974758628126272,-0.6716582146624894
0.18111325863592093,0.4200615180866775,-1.2787781636187157,0.16968928895271207,1.0839409647068343,-0.17470163447033032,0.712667052842878,-0.6746187371369233,0.9194460549905605,-0.36556232231754104
-1.2171077832049424,1.2612157752345485,0.426028064609402,0.920205739789092,-0.9809140291901209,1.2873791563167647,-0.5132696091432094,0.5060184463094672,-0.6277672206810115,-0.36191008092257915
-0.8692309082583262,-1.2350576177252226,-0.5337556226547377,-0.10763704623009272,-1.0523341807599593,-0.9195213700826743,-0.6271892200906546,1.7715894435858075,-1.2711857751810511,-0.20493415177192797
-0.5274680115857076,1.8517488244243616,0.7119137190344098,1.3047939511406177,-1.3420808177967067,0.8179714060621467,0.2569751591965635,0.9499286644694227,2.3497782286631463,0.24769957676484458
-0.06978417507266246,-1.1482737491311523,1.8436814541319668,-1.791392906924746,0.6438776079022074,-0.07525030348266126,-0.7546736169207906,0.6854906054606386,-0.7533443768837185,-0.1561682638940521
0.5987988104539363,0.06457231118763522,0.2337564458586623,-1.2747826293089306,-1.0055788318157115,-0.7129358712257842,-0.24509398233575572,0.7011273852708092,0.6019187952676743,-1.7784274113223975
0.41334067852193845,0.3608433960325573,0.9074102453256699,1.804370147041759,1.4002309706110325,-0.5977711104449747,0.5979152049713126,-0.4432034784373527,0.7975789184619011,0.5178054112534825
-0.3761233072367265,-1.5451597097540906,0.09555436504825839,0.11038471989292804,-0.3965246363269076,-0.6304565361265659,1.1765101842943804,-1.1766926446774253,0.04030390388511196,-0.7091561604969948
-0.7108592344666551,0.4707337853913246,-0.6988190633054546,-1.6048763148750247,-0.15458175997544146,-0.749413133972397,-1.836856069880052,-0.5934544422727462,0.6824703469037868,1.3989775336651515
-0.020143887040418886,-0.7864271616158981,0.8175121083804302,-1.3678935668440455,0.774115740758756,1.039296240133013,0.354154720562393,0.9445019450260076,0.010932856176351221,0.7440055738984925
0.6842424817069258,0.08125581184540422,0.7487579335518456,0.7418081795151746,0.13968195380713264,0.7080508651857188,-0.41718700899428224,0.4555264720638167,-1.4206497375535323,-0.4355850809161959
-0.41481452749306164,1.7290475878869533,0.1607715934228584,-0.7353068133653858,-0.7227083293587094,2.613758044002549,0.2990930104921314,-0.5795096095872597,-0.7151827683746921,-0.722422694025827
0.4372244824137023,1.083787295758116,1.2021364361025486,0.2859489627328029,0.03221629778989399,0.5125636816410241,-1.5414010708066939,-0.07868671885340306,-0.7472822926160473,-0.07336059285338914
0.39922301536064436,0.5969097695170438,-0.8549544542810008,-0.6070781406503569,2.094796473915974,-1.6235350444889558,1.5009012552469632,-0.0418164719414449,-0.005715843236558964,1.0469951369956962
-1.1261376734156663,1.6506981779019283,-0.054059705297481365,0.948465229083977,1.5454890394611853,-1.4814078435626319,1.5303496075914922,0.5605237684158665,-0.9055595008483814,0.17449583588161374
-2.051920785466155,-0.7206337642741306,0.5108583693401018,1.114619797429281,-0.7544039038654065,-0.4088265192665303,-1.0696621056312485,-2.2231723885462187,-0.7532886337650586,0.793404781762121
-0.48051742528470387,-0.38044380994227556,-1.2948809220481219,2.7595562673269036,0.8545329928022866,-0.2721607277622393,-1.1850565361042438,-1.7287409925688675,0.9953379739653505,0.8844637073804121
2.346588000684873,-1.0217259090898385,0.4201383311084237,-2.020463251329354,1.3425057637487474,-1.2698669199405486,-0.1784868535806302,-1.005529950035281,1.039625089220611,-0.06365058863421527
0.8731577775360034,-0.6233050193958003,0.1698475614752818,-0.06737988468060035,0.8274223091569353,1.007953837556476,-1.082050156546056,-1.2365862951635218,2.2037832360637326,-0.26371332588766633
-1.1180874726126158,0.13031294883457648,-1.8387889508307964,-0.8947212440346232,0.8868782485009113,0.8920299995448333,-0.969293891825891,0.40698647731842147,0.2046091942030401,-1.3129742564992968
0.9663161462948149,-1.2673625030075955,1.1287827271829431,0.4133913901801559,0.286460247682488,-0.3545330826403321,0.28176392815087653,0.04287229683084953,0.3325080058923673,-0.21807105659238482
0.1045596432857118,1.0682783850150235,0.9756321355069597,-0.7574138108800513,1.090022963972591,-0.004378375853599669,0.749762151348885,0.6736101266787062,0.5683531087905096,0.06194994173472866
-1.0045189862150927,-0.5105638996615978,-0.7728561577266377,-0.9402531614981452,-0.16008304730601025,-1.0895998313302708,1.0528464435628357,-0.19741668222731054,0.3310422921274011,1.9512078035200207
-1.117471593977251,0.2538291310473351,-1.1635563225036647,-0.10025532130006612,0.2397593539242132,-1.0238806356471974,-0.6430321037469731,-0.5388285550030535,-0.20507816240232404,0.8363244488066698
-0.08814139527666624,0.1277120778384808,-0.6790327845544656,-0.9218865858759834,0.5835129175131242,0.9920843954140774,2.673563796152009,1.505883570469362,-0.768639403116952,0.02022801106833966
1.4192722705212042,0.8001761474469463,0.612629204781256,0.07128381959037032,0.3839915734629788,-0.4570536890892019,-0.19153378117946798,-0.9490576934268822,1.382480667759315,-0.7311194942952998
0.1503671320079046,1.0572296394792322,0.21565682767333713,-0.512356680931631,2.0114890923052506,-1.341402861143929,-1.0013063218049205,0.297410853998297,0.16973635034435142,0.05890465018280468
-0.5006164430426597,-1.947369586774342,-2.492627008069399,-0.24695033099721392,1.0494571958745194,0.41406975208641705,-0.40440870548406166,-0.3714421639088086,-0.3105740362931276,-0.7249105631109899
-0.9965837765202116,1.0148362747528858,-0.1420556713038279,-0.8937045705906325,-0.8508380946834687,0.16932538004088107,-1.2417113731041367,-2.242849805232852,-0.21138813994860947,-0.03709475885111449
1.2862310018549061,-0.20780560797811587,0.4624648795384434,1.0245891264744882,-1.558093234620382,1.7559016377247918,-0.2068804496153605,0.4625902058091486,-0.6721790157087694,-0.7269655256159391
-0.5340704420486488,0.4293122181460618,1.2471882949223299,-0.09151701104688247,0.34211030613544674,-1.2916999447533877,1.2031641402456479,-1.4839278497872146,0.46919757931904327,-0.6701431231686308
1.202146422616588,-2.097142981776422,-0.030673336914491155,0.30517065218165834,1.2795290884921033,-1.1890749939809668,-1.4556261796404213,-0.8637141873286748,0.4230078993116141,0.1782607103703733
0.5288125900798528,0.3414280090702028,-0.35431777222416383,-0.585385674676547,0.3694649481567872,1.9888637953334645,-0.26052290802196404,-0.49226429548776085,0.24017216295079985,-0.8846353265036595
-0.6940781357617469,-1.1442858129568991,0.13271485241189962,-0.42059262286199384,1.3515072081311228,1.596993679085787,0.3069105946064152,0.6875858006616665,-0.10526463031852414,0.12211402312324199
-0.2663247578096147,1.3628118391116752,-1.4518783374524473,-1.8465904527447674,1.192844566612492,1.537898092334926,-0.5372318980098579,-1.3907276180761379,-1.2883212659663235,-0.7052234332075626
1.454095359009763,0.8148179989760291,0.7772208890091414,0.6431780935925032,0.0761405216104317,-0.5093949072092719,-0.5225681971754208,-0.3091685343116676,0.2010826631859539,-0.6542445706926227
-0.9864554478836082,0.9047643904602058,-0.6402362599129467,-0.45452286631308153,-1.8090246333126179,-0.9541321620701074,1.7319557660411118,0.9254572781493123,0.14625277305858156,1.864556876871101
0.28224625142561316,0.4199267397785109,2.201626412471213,-1.0327653651906639,1.7951235792152225,0.2138136915553506,-1.2061031722696787,0.5505533021651282,-0.4881454949864306,-0.8122713843500129
0.08654147018851385,0.19264085744174053,-0.7960490325501985,0.650671104062873,-0.5514073769129355,1.468300973885099,1.8510483911394775,0.2946893554741834,1.0767403045462551,0.026840969368443428
-0.1871884857571938,0.5007251862126816,1.691380920568559,-0.556709795458298,-0.03364280864374047,-1.0588959752794815,0.2342672243791409,-0.815750807095606,-1.2707081009623897,2.043367604481865
2.758807618688488,1.2451304511809227,0.219257719268666,-0.7952010267396585,-0.9605334854090273,1.1964890322832824,-0.8287321540985636,0.544949376750666,-0.1457653372653128,0.1700835253677776
-0.7806357546376407,-0.5410968196729391,0.8965156461889365,0.519901912916975,-2.2324843302342425,-0.42942788368457424,0.6070053392834371,0.1499609443190238,0.31323107422621105,0.3959267061448223
-0.20648832485003984,-1.0508502636758643,0.15651993919857088,-0.2603708443039931,0.22381469568575463,0.8816202940688275,1.4457661653305438,0.4856240553272008,-0.29098259663680115,-0.9023527719759196
0.04776890091517508,-1.0755546234627196,-0.13262462611892822,0.4273892145248769,1.8524770485977191,-2.117851134420857,-0.44712005457951737,0.28139747678185056,-1.1124765585681557,0.8036487953255687
-0.3358853828348477,0.39396512577855314,1.0553977708015716,-0.15130496699156093,-0.237112364831116,-1.1946853935473472,0.7914945895393685,-0.7594463853940377,-0.26591474944056837,1.2027602331356062
-0.8725426256582268,0.2442811251197793,-0.7411580924934204,-1.187030225791858,0.05653562376625387,0.6030344618666541,1.353205811991181,0.7521311253129813,0.18714934550701087,1.6900137947114815
-0.4627448791764745,1.2776919414795835,0.16540797709524685,0.041059908155907696,0.627372927793209,-0.9203393205857853,0.38055336180999616,-0.47410514900281103,-1.0648184405581582,0.47935134608583263
0.585746306394525,-0.6345425217535016,-0.4196769269975399,0.5449175834810082,-2.3857873293348484,-0.9037769507143427,-0.6222529920209059,0.27821660198126025,1.6974187161895318,0.3982678244350108
-1.7441104042880637,0.7020952150028142,-0.5932134261626255,1.4537915154852452,0.1715504955779995,-1.1755104060267954,-0.7006242382512435,1.7175537792468536,-0.025992332472000123,0.13900035768300423
-0.5677836132839855,0.43354150420364207,0.8081857316458176,1.499934769164015,-2.3913263817103565,-0.512862269749752,0.3354248029240321,-1.5115411153612968,-1.5510013032585903,0.24550430234793474
-0.4089492488658021,2.2946287729009995,0.3161406054543463,0.7562081559625653,-0.3516250894923113,-0.7161547310827754,0.7002907224075205,1.0579016222805295,0.8718567748223268,1.3441050046172802
1.184950633173672,-0.29620096301207494,0.7530182640443233,0.18449898402628598,-2.067693254619833,1.5173514351020054,-1.8568776292054205,0.1236164731047444,-0.30967920346316224,-0.9879249806674001
1.2393184626072433,-0.14042118461990172,2.5064803366409074,0.6322927504212625,0.683999979486281,0.14070880675627961,-1.251345570358353,0.2294358578442505,-0.012418132909395443,0.7209175031136811
0.958668061203199,-0.5528206123405804,0.5390195079031278,-1.5296441800370872,0.0695163925723573,1.5213649244822465,-0.049346282675752175,0.11447954587884318,0.4486869973179611,-0.6849622193520958
1.2934782701003236,-1.736440800660151,-2.2918863932937845,0.6812511280511617,0.21186123854097275,1.2493523648563145,0.9886486781103256,1.2225831252102035,-0.43263099336554106,0.6941221100067119
1.4114935274208278,-1.4706602703390268,-1.3068581326298057,-0.5781320007835073,0.839388574263207,-1.1362321626745155,-0.3502810935563824,-0.01173068791244352,-0.5863617183110975,0.24795344391392457
1.3767749389876875,1.2812658123237979,-1.1540276158638674,0.7224048120537572,0.4503870128861897,-0.6599957457449711,0.3912668785092309,1.861883909942369,0.9212818453494925,0.32892976978147254
0.11410291276929893,-0.33867261747650895,-0.15503880398338685,0.7923751897456687,-1.0408842764547173,-1.7603239590242479,-0.9456600443713363,0.09020266979544352,-0.7627634816796975,-2.3689516347409914
1.1968099329805337,-0.01849940954862195,-0.8639174105617463,1.4470822750376002,-0.9406409095290507,0.8076005104929802,0.964393971437479,1.3655696500978896,-0.09991804454460082,0.9778650825703477
1.7861247077144073,-2.699932684082476,-1.0195339798266232,0.13441288638418297,0.549202848135522,-0.2864422581793723,-0.3006515433242602,-0.21493455731768696,-1.379876236386712,-0.905323828772287
-0.9960549794993973,-1.2965936686288415,-0.3840093400336038,0.2940305197863618,-2.725486155285952,0.5256745536421646,0.8684063275495204,-1.378168742341367,0.30472366556150815,-0.4885369020580736
-1.2337560241225587,-0.3892435890334678,-0.9738737630601857,1.022830577977134,-0.45011834351109603,0.8891766780060493,-0.15164869083214724,0.6612974118886747,-0.3783659348753076,-0.3317484024138979
0.15269835153175781,-0.5407726608590762,1.2992202898295404,-0.6240790724774946,0.5105775237343624,1.8304856743378788,0.787146239594961,-0.9894775020938912,-0.9132323664547977,-0.12322630337515979
0.3245433089138335,-1.2137943444556225,0.3580559216910525,-0.9883047240308175,0.7581131124304329,0.3435069983476024,0.31651280556655437,0.7602155371858494,2.0997695984157225,-0.06843121156037653
0.26708579229294865,-0.27519467254410124,0.6078217757305696,1.1121734348451173,-1.6006050007853918,2.425474895373868,-1.2958487402935153,0.30923488099778157,1.3558934397996139,-0.17013355513777859
-0.09695391350492,0.9591235979316376,1.0807181086281574,-0.6039784925482653,0.9393899340566504,-0.10588006200016258,2.163010846703841,0.6795957528978532,-2.0733438596299467,0.6439958217594659
0.5374546709644787,1.768879406075168,1.8066536899405041,0.48568016946911163,-2.3514278579349965,1.221557363046395,-0.016139156889689407,0.7582615506590087,-1.6228493324864726,0.09776355427165591
0.11370204863392537,0.8886188062705517,0.649327509312642,-1.2199456334056122,0.8688867140522178,-0.2216173979832929,-0.612989201183936,-0.8029856014831197,0.0851028151967828,1.3846546506784947
1.4557684158018598,-1.6610593539327525,-0.13517872264197242,-1.3353973934470846,0.2805068295854275,0.4396662753935774,-0.8261392051673317,1.0975808182320497,-0.499750977335244,1.6060941462679585
-0.01570847867515233,0.7551317813570119,-0.42928308324329684,0.5240149876190615,-2.421380696457514,0.0724709824918004,-3.3693997277657513,-0.8083202419674,0.272395897241371,0.2814408682129874
1.3750271392920939,1.3016267845398246,0.5475755997343561,-1.2258818797028943,-1.7981586948028758,0.15833367480378785,-0.6573995623152225,1.6630082025952495,0.4086377146132485,-1.1345937809076478
0.7621983245157499,-0.09857421640287513,0.06921891207198765,-0.0642508918811469,1.2689300723525625,-0.5717036323167289,-1.6876287141754236,0.18544115079348095,2.6649538193898588,2.217041950845844
0.18874107156863315,0.969442560691905,-0.8487438111562122,1.132558078451065,-0.6403871808033429,-0.7728901413035909,0.4983595989139985,0.012399938533684932,-0.5107494670461411,-1.3642223348557396
-0.18625763696558423,-0.5419361280272543,1.7935759211104743,-0.16167913447406573,0.8558724874570681,1.0386708532464588,-0.2757560778721108,0.9751883430966912,1.3770917816385133,-0.8815668176301847
-1.0817401324508462,0.6312490346657091,-0.647322519834117,2.21822744361058,-0.96765196333255,-0.564271888242197,-0.7586349491663524,-1.5723917843367523,0.9526509436127257,0.7701339285649835
-0.8268851778614883,0.6333360376056146,-0.3515917768230368,0.02253192479939354,-0.2113012553271773,0.4021225621463784,-0.2260151529402357,0.8854780350246194,0.03423192546926362,-0.06486872867051015
0.9802231639590537,0.45754352386175184,0.01005505982056427,1.5070653742937223,-0.7294667254627347,0.5047443404840664,-0.30482678046117123,-1.1533153276787382,0.9221715357722013,-0.7576641045042906
0.7077118047285791,0.26812329680650876,-2.076772127524178,-0.08583510935256133,0.4769548535118127,1.0465300557370052,-0.33804583296050283,-0.2819474786918646,0.36485683017122156,1.5984579596155706
0.12645821136965518,1.1392065278966288,1.631419446460686,0.45432473569107495,-1.2288872460161815,1.4758778818392415,-0.24595563705810056,-1.6068344089943145,-0.08724801805078405,-0.46322302194503434
0.7782562815080161,-0.581743435518196,-0.7559733122388885,-1.5739166120557762,0.7744497226366762,1.0436729006936623,0.8424680748572355,-1.7712577552521698,-0.4739179968528981,1.4555633506257104
-1.1326099716886513,1.365779470471174,1.2105185589673653,-1.1781371266926801,1.9161383521443882,-1.052946655757974,-0.3638995680226897,-0.6045545012240369,-0.816117661602609,1.1372843140216995
-0.2658359743069118,-0.3758287503110093,-1.7278965952383658,0.517629532464291,0.21206619451988176,-2.0864673504173785,-0.23167089809928001,-1.3972724064803301,-0.7306657223684666,1.06061728383596
-0.02619651468928411,0.2826818152648245,-0.8113446796755193,-0.2428011860539017,0.16587531871446662,-1.02975828975423,-1.5901814278228046,0.41224757090156816,-0.47742642814098935,0.09514135670691966
2.244189115032484,-0.3231879132545912,0.9322548853006634,-0.2461787977411722,0.1015550334349565,-0.7201790921271813,0.4351261243786892,-0.24647537747359266,-0.22638340028568843,-1.468052939720007
0.19475219674252095,-1.1169665618526072,0.9670579501468267,0.11846074566041552,1.1034742085581686,0.026450584915424066,0.16896367896758807,-0.19342838935839204,1.6397288987999064,-0.6331113666257382
-0.12312234194751238,-2.292749356083994,-0.2635364334537197,-1.0231888981263715,-0.4237840428286969,1.57548530916363,-0.028800913467360405,0.5033308885786232,1.923660967128775,0.6682074048318735
-0.8414420683035984,-0.7798637670998545,0.5209089836467007,-0.7645815018163936,0.22589106546974624,-0.4523366459544926,-1.3515100327641898,-0.5726464755293328,0.5073423652551782,-0.1955187569852077
-1.8221208596324603,1.4150522156891103,-0.8039253453078239,-0.8972113955642783,-0.5677849622199627,-1.3654568254476638,1.072296970908278,-0.43795536714333627,-0.28477572957353414,-1.7521345773640682
1.3002952428800352,1.0198540975775912,-0.6379118898452495,0.853003924893799,-1.176497565180874,-0.08885419894841319,1.4441472607187409,2.674740691617344,-1.192751992196465,0.6055366816906289
-0.5817664631684187,-1.0285686074892093,1.0256470817064327,0.4680987899577496,0.17470568053557337,0.7418424148247633,-0.2766481160305402,1.0029959835328772,-0.6066219622033047,-0.7320729250546364
-0.8621075503213251,0.9106946930924594,0.49172331512832795,-0.751053973915935,-0.053335854777237374,-1.1730697247687722,-0.05815808039292461,-0.35388336559896816,-1.0843156222851125,-1.1343866755919763
0.827327583561089,-0.08101717125807646,-1.1978087646398963,-2.653209307191477,-0.2178422353806952,0.2522315999888726,-0.10570853229492971,0.6502832429913453,0.8081086678995765,-0.6496289683273331
-0.2745067474551655,-0.19969765849088286,-0.797804960196263,-1.165592055777448,0.6198056753246866,-1.2793111254103444,-1.634394511674835,-0.2567414816461436,-0.10031714784556763,0.8469668383672253
-0.39753205677444853,1.0181153378400423,0.1178518730623395,1.2073835076098713,-0.5922178891865962,0.10677508392837214,1.0977795206443268,0.4389144767479102,-0.1454540805669135,0.2359386522131497
0.5729145277105564,0.262963301000435,0.9163624472368425,1.200657668390334,0.5067699017600417,-0.5484677009599168,-1.3251522790599652,0.7359638169478124,-1.600291344595555,1.2262851335815141
-0.22479200524152018,-0.05205200255005334,-1.6913153025178091,-1.3307564272222907,-0.6979601024967347,0.01759591857692973,0.30718778506672756,-0.22447372624589382,1.0900667428660422,-0.0711787303062802
0.6105231680260436,-0.5074730042608003,-1.4943078992373244,-0.24085149420134194,0.5065443239744517,-0.33692992692959084,-0.3607002641169296,-0.3698578403508202,0.3114329377016266,0.7125373077476823
-0.3363003842446005,-0.4470432439834014,1.214869070871711,-1.1912150660104028,-0.045534885610283155,-0.1073109828850411,-1.4364420683942487,0.07005878156438265,-0.06968543817946465,0.8430926341859198
-1.5112993254077294,2.9023717522773658,-0.5635691525743209,-0.5402365483516968,-1.3287680312222225,-0.2012943832947484,-0.6368322405067441,0.9080811393484016,-0.24257853353700598,-0.7303088010039651
-0.006675890428450693,-0.8572059335950375,-0.608533593377474,0.14296033057801358,-0.5012551899448874,0.6546562760455382,-0.622864723029876,-0.07460140092614435,-1.489583860286513,-1.5057039104677976
-0.5214920939221606,0.15170297184599096,-1.7560417084892288,0.2033641654740721,-2.186614378176656,0.6184750263938419,-0.32898528619294704,-0.8869573861594511,0.6929678273951343,0.01893800247366533
-0.6250905413997795,-2.1596765828493534,-0.22711293519625703,-1.010323281500088,1.6666770192671228,0.2831544188059392,-0.8007620579401642,-1.5302625981070852,-0.46501324193557825,0.6150611804698551
0.6780223993493198,-0.062273556033317044,-2.8193823300033167,1.1227668560365958,-0.11816743133528101,0.5818869245404332,-1.7436893796685795,0.4372784627499164,-1.3016223364951853,-1.3177540505954233
-0.6479302442708826,0.3137472208842839,-0.10165295107278753,0.2535914326971163,1.3994872756441243,0.8555600590032287,-1.8746124380926068,-1.7258533556423628,-0.54612103937583,1.2209684769437366
-0.48636934193431247,-1.3527459782942683,1.5420818744751823,-0.5275527540084729,1.3192760418102512,-0.3992258720933051,-0.22954366678122243,-1.1512003315551174,0.5610869093363297,0.6026264539858797
0.21347227382921038,-1.0474215209009763,-0.6910138737222266,1.6727839438701506,0.6218040770059242,0.7755553025132287,-1.4741330295813129,1.6302691666427107,-0.4367019723377157,2.029655669067425
-0.17028682630246206,0.895315298557274,-0.311929540768399,-0.14580889663526891,0.41008452844559423,-1.3115757015854415,-0.3553847268590079,-0.08526192038882072,2.215846084209506,0.30354347312367885
-0.9428448261921464,0.547870221389719,2.007761832050227,0.06261020712673127,0.8170947203816148,0.3558403578575299,2.236168173113586,0.8732402565377094,-0.7026216064302492,1.1014802997130477
-0.014374729615913694,-1.0350148001714012,-0.8632444686322809,0.9675571511223653,-0.838488943529315,-1.0285589420875147,0.7160455191180594,0.6792268506287299,-1.4008713130673625,0.8157554559546375
0.5298550490110808,0.916296429079192,-0.4692092731246775,-1.1442725664040876,-0.6360177203751758,0.6220280127091934,-0.5164882311610697,0.10705510386516531,0.8787358345058145,-0.9701790267738911
1.3773340547903299,0.7061599390170948,0.16077144329159504,-0.6341834335088724,0.05179256968290379,0.9550700179194623,0.003462358575039756,1.4958715684420618,-0.6342940481085038,0.18789837517610314
-1.065023115275283,-1.783850147676396,0.49765763319305145,-0.7430344739511103,-0.5293137572754523,0.03434039278490133,0.8159475098763015,-0.40942966009013837,-1.5240113372407469,0.1417424717803848
0.61149513284004,1.2834192736395773,-1.0646295330060287,-0.9594222625448935,1.0916433550710922,-1.1423328024736936,-1.1749096385887556,-0.8012353347057731,-0.33728076809712293,0.41626277041395743
-0.20208584286824532,2.3311177338422704,2.745235761195392,-0.8420657169698208,0.03550233821438825,-0.23239876243882787,1.1279394587756515,0.37266185775251504,1.9581928145252978,-2.103557073666218
1.7406173406049088,-0.711253066628069,-0.3927684373283523,-1.1336392223619964,1.1830244508326928,0.673911246707357,0.2815265495650461,-1.411689858018803,-1.3217528491125938,-1.0173786418386555
-0.3907897282570304,-0.47120571175379466,-0.07900466698607836,-0.017926477714656785,0.3745221457243222,0.31554078121996476,-0.3420473812245534,-0.9362422088470475,0.4062507152448416,-1.4314350320094382
-0.09238637715520151,-0.2523303312338635,0.8959115818775268,-0.29614667936851335,1.29373378410463,0.8994356411240013,0.24899006680002414,1.967812829772212,-0.1949951210016075,-0.6786143678972799
0.38245480648809155,-0.49400902838480587,-0.3014595616442237,-0.7039868146280341,0.08516529917176491,0.5651772258062675,-0.7255723637419563,0.035262301635252354,-1.130149973879004,0.5699502721560895
1.8450854573231927,-0.9170642025286233,0.4125946115210856,0.21007010457021574,-1.7203250907744598,0.10193004501906947,0.09886682161438738,-0.6648292408987462,0.5527083376020067,-0.453543611792632
0.4802591228640822,0.37186829616610334,1.598626614518285,-0.16128685091468864,0.0015705219049668955,0.5943053960441607,-0.3701993943156529,-0.22248822065687712,-0.7007326985803755,1.253501475895992
-1.007262860229826,-0.359859100483214,-1.0165215578685778,0.6368247741008994,1.1247067861418263,1.2617837202098159,2.22650984962462,0.32071928590694937,-1.116929376563576,0.9186779615705429
-1.0664754889158297,1.4523899275390209,1.9321601619360504,-0.8350556163555902,-0.6549213763423241,-1.327338582575332,1.334067915575803,-0.13152796301281494,-1.2761729037028333,0.07070151576112177
1.4023296377139607,0.4781098729449298,-0.7937337000491048,-0.6836219266483738,-0.6487892896572192,0.2515157988762637,-2.2148051182575537,0.16360023254828746,-0.01763107464020093,0.6651585860732955
-1.3621473861687705,0.12684284241177712,0.15835183914701517,-0.3197915920186416,-2.1391812881282446,-0.5186171425759216,0.8255761197166201,-1.6843687646080774,0.13797219156343832,-0.1604610431159737
-0.15632865522246314,-0.7229253524299197,-0.7719621326151207,-1.6398468419804875,0.4489689590937345,-0.353681568839556,-0.5783009441104607,1.437993207372587,0.7331052763952455,-0.5680441944790543
1.4923616384773564,0.07678077861465342,-1.1388168983028908,-1.6239471226602424,0.11154054905547037,0.08964186053110494,0.06661947758114756,-0.8556379250318885,1.1603797208744913,0.3411294249592199
-0.29030763416343663,-2.403725512794671,-0.7837922085086148,1.3306507589627723,-1.1123292475863271,-0.8768102369920958,-0.0995362014713911,1.6018392283425789,1.5583007514698806,1.3201967914447852
-0.287660057329326,0.4116865788667239,-0.351003279245266,-1.056463476124569,0.12893833989724085,-1.0539351430228319,-0.4206294593177173,-0.2099039490169527,1.6305585047784372,-0.13132672135287443
0.9064701394553519,0.6735967951953591,0.044684894011468614,0.5915084686097308,0.21366327877214925,1.1585454012912855,-2.8273434274618565,0.15503078553738664,0.33236386472834767,-1.7619631669347773
1.431410335914437,-0.4455840404011163,0.906126610426116,-0.43294904817520546,0.26110009983402627,-0.23941650342636567,0.855594873962345,-0.4408371945254944,0.24404278146961458,-0.8053421309748341
-1.4107632957626344,0.019174780704081913,0.9275251936124227,0.7466773377269014,-0.8289763035425108,-0.4829454773646786,-0.6349955049370912,-0.8259049968181807,1.0467772565836133,0.6665161847002841
-0.4853484635762648,-0.5034804189174678,1.325771301525766,-0.22882466729375495,1.4227277491105532,1.0123362449798512,0.36507395757675704,0.7355406635639726,0.4639017507972454,1.229743317104734
-0.43839460753377646,-0.9306521823339095,0.3804998871742319,-0.07199510149858224,-1.4116914706103798,0.6493068881813139,-1.1462418863191919,1.3915994025314367,0.1943502260740467,0.23531461692937325
-0.4459568139615038,0.4498458479191669,0.21206510597239653,-1.293797911106985,0.5343458207992126,-0.19250252199550763,-0.2734621061538179,0.16425846833157587,0.947179432854485,1.1909271434323416
-0.6596864246601953,0.947250285747744,0.5262578501647406,0.8522368869590269,1.2129820556462685,1.389985407150453,-0.3337452488146938,-0.8356660819872158,-1.1439601097078134,0.5570342410544401
